mainArtist;mainId;mp3tagGenre;downloaded
#####;590327453;Metal;2026-06-19 11:58:19
3 Doors Down;101604;Alternative;2026-06-19 11:58:24
3 Inches of Blood;26515293;Heavy Metal;2026-06-19 11:58:28
36 Crazyfists;6338556;Metalcore;2026-06-19 11:58:32
3rd Strike;3299291;Nu Metal;2026-06-19 11:58:36
5'nizza;251582975;Acoustic;2026-06-19 11:58:40
50 Cent;112058;Rap;2026-06-19 11:58:46
6ix9ine;1258256228;Rap;2026-06-19 11:58:52
7000$;331647880;Alternative;2026-06-19 11:58:57
7раса;640520453;Alternative;2026-06-19 11:59:01
96 Bitter Beings;1444860850;Alternative;2026-06-19 11:59:05
АК-47;590332748;Rap;2026-06-19 11:59:09
АК-47;501951774;Rap;2026-06-19 11:59:14
Александр Розенбаум;0;Acoustic;
Ария;646139967;Heavy Metal;2026-06-19 11:59:19
Банд'Эрос;0;Pop;
Баста;1372953342;Rap;2026-06-19 11:59:26
Бес;1526891030;Black Metal;2026-06-19 11:59:30
Беzумные усилия;1406384230;Groove Metal;2026-06-19 11:59:34
Браво;0;Rock & Roll;
Виктор Зинчук;0;Modern Classical;
Город Дит;0;Heavy Metal;
Грай;569705781;Folk Metal;2026-06-19 11:59:38
Ёлка;284266767;Pop;2026-06-19 11:59:44
Ирма Сохадзе;0;Pop;
Карандаш;352344842;Hip-Hop;2026-06-19 11:59:49
Каста;340420197;Hip-Hop;2026-06-19 11:59:53
Кипелов;334602356;Heavy Metal;2026-06-19 11:59:58
Король и шут;0;Punk Rock;
Коррозия металла;0;Thrash Metal;
Крематорий;0;Rock;
Лешак;355823121;Folk Metal;2026-06-19 12:00:01
Ноггано;446310531;Hip-Hop;2026-06-19 12:00:06
Психея;626901659;Alternative;2026-06-19 12:00:10
Район моей мечты;0;Rap;
Рекорд оркестр;720831518;Rock;2026-06-19 12:00:14
Руки Вверх!;0;Pop;
Сектор газа;531116017;Punk Rock;2026-06-19 12:00:19
Сергей Маврин;334652535;Heavy Metal;2026-06-19 12:00:23
Слот;160957018;Alternative;2026-06-19 12:00:28
Эпидемия;424022271;Power Metal;2026-06-19 12:00:32
A Killer's Confession;1169161746;Alternative;2026-06-19 12:00:37
A Perfect Circle;652503;Alternative;2026-06-19 12:00:41
Aaron Lewis;413422387;Country;2026-06-19 12:00:45
Abbath;200771326;Black Metal;2026-06-19 12:00:49
Aborted;155833533;Death Metal;2026-06-19 12:00:53
AC/DC;5040714;Hard Rock;2026-06-19 12:00:57
Act of Defiance;1007586421;Thrash Metal;2026-06-19 12:01:01
Ad Infinitum;1484967403;Symphonic Metal;2026-06-19 12:01:05
Adam Skorupa;0;Score;
Adema;459504;Nu Metal;2026-06-19 12:01:09
Adrenaline Mob;454991210;Heavy Metal;2026-06-19 12:01:13
Aerosmith;115386;Hard Rock;2026-06-19 12:01:18
After the Burial;210642079;Progressive Metal;2026-06-19 12:01:22
Airbourne;258928125;Hard Rock;2026-06-19 12:01:27
Akira Yamaoka;262028864;Score;2026-06-19 12:01:32
Akon;0;R&B;
Alexandre Desplat;0;Score;
Aliases;453982764;Progressive Metal;2026-06-19 12:01:36
Alice in Chains;462221;Grunge;2026-06-19 12:01:40
Alicia Keys;316069;R&B;2026-06-19 12:01:46
Alien Ant Farm;3446405;Alternative;2026-06-19 12:01:50
All for Metal;1638071786;Power Metal;2026-06-19 12:01:54
All Shall Perish;64942610;Deathcore;2026-06-19 12:01:58
All That Remains;57844144;Metalcore;2026-06-19 12:02:03
Allt;1529369992;Metalcore;2026-06-19 12:02:07
Almanac;1437554087;Power Metal;2026-06-19 12:02:11
Alpha Kenny Buddy;1063020307;Nu Metal;2026-06-19 12:02:15
Alphamega;1462079731;Alternative;2026-06-19 12:02:19
Alter Bridge;73789273;Alternative;2026-06-19 12:02:23
Amaranthe;421114522;Power Metal;2026-06-19 12:02:28
Amatory;649003431;Metal;2026-06-19 12:02:32
Amnezia;0;Nu Metal;
Amon Amarth;54261107;Melodic Death Metal;2026-06-19 12:02:37
Amorphis;5545051;Progressive Metal;2026-06-19 12:02:41
Amy Winehouse;0;Pop;
Anaal Nathrakh;72869936;Black Metal;2026-06-19 12:02:46
And Oceans;32204550;Symphonic Black Metal;2026-06-19 12:02:50
Andrew Hulshult;0;Metal;
Andrew Lloyd Webber & Tim Rice;0;Rock;
Anette Olzon;336485294;Symphonic Metal;2026-06-19 12:02:54
Angelus Apatrida;153374625;Thrash Metal;2026-06-19 12:02:58
Angra;192030844;Progressive Metal;2026-06-19 12:03:02
Animal ДжаZ;0;Alternative;
Animals as Leaders;311508570;Progressive Metal;2026-06-19 12:03:06
Annihilator;7264636;Thrash Metal;2026-06-19 12:03:11
Anubis Gate;78387863;Progressive Metal;2026-06-19 12:03:15
Apocalypse Orchestra;1208203506;Doom Metal;2026-06-19 12:03:19
Apocalyptica;411644;Symphonic Metal;2026-06-19 12:03:24
April Art;960840600;Alternative;2026-06-19 12:03:28
Arankai;1602506871;Alternative;2026-06-19 12:03:33
Arcane Roots;368621510;Alternative;2026-06-19 12:03:37
Arch Enemy;18098340;Melodic Death Metal;2026-06-19 12:03:41
Archetypes Collide;897258174;Alternative;2026-06-19 12:03:46
Architects;182821355;Metalcore;2026-06-19 12:03:50
Archspire;429852013;Technical Death Metal;2026-06-19 12:03:54
Ariana Grande;412778295;Pop;2026-06-19 12:04:01
Artillery;61440649;Thrash Metal;2026-06-19 12:04:07
As Blood Runs Black;156713594;Deathcore;2026-06-19 12:04:11
As I Lay Dying;54266496;Metalcore;2026-06-19 12:04:15
Ascension of the Watchers;274296748;Progressive Rock;2026-06-19 12:04:19
Ashen;1547541596;Alternative;2026-06-19 12:04:23
Asking Alexandria;329938300;Metalcore;2026-06-19 12:04:27
Assemble Head in Sunburst Sound;285623085;Progressive Rock;2026-06-19 12:04:31
Assemble the Chariots;589410635;Symphonic Metal;2026-06-19 12:04:35
At the Gates;57658038;Melodic Death Metal;2026-06-19 12:04:40
Atreyu;6095061;Metalcore;2026-06-19 12:04:45
Attila;46893195;Deathcore;2026-06-19 12:04:49
Ava Max;1265164818;Pop;2026-06-19 12:04:56
Avatarium;1451199469;Doom Metal;2026-06-19 12:05:00
Avenged Sevenfold;6766228;Heavy Metal;2026-06-19 12:05:05
Avicii;0;EDM;
Avril Lavigne;459885;Alternative;2026-06-19 12:05:10
Baauer;526199085;EDM;2026-06-19 12:05:15
Baby D;0;Hip-Hop;
Babymetal;477101776;Metal;2026-06-19 12:05:19
Bad Wolves;1005229146;Alternative;2026-06-19 12:05:24
Battle Beast;412807070;Heavy Metal;2026-06-19 12:05:28
Beartooth;590762561;Metalcore;2026-06-19 12:05:32
Bebe Rexha;466059563;Pop;2026-06-19 12:05:39
Becoming the Archetype;78682379;Melodic Death Metal;2026-06-19 12:05:43
Behemoth;42255142;Death Metal;2026-06-19 12:05:48
Beneath the Massacre;214355791;Technical Death Metal;2026-06-19 12:05:52
Beseech;54671918;Gothic Metal;2026-06-19 12:05:56
Between the Buried and Me;107404782;Progressive Metal;2026-06-19 12:06:00
Beyonce;1419227;R&B;2026-06-19 12:06:07
Beyond Creation;431171265;Technical Death Metal;2026-06-19 12:06:11
Beyond the Black;955346353;Symphonic Metal;2026-06-19 12:06:15
Billie Eilish;1065981054;Pop;2026-06-19 12:06:19
Billy Morrison;258778118;Hard Rock;2026-06-19 12:06:24
Bilmuri;1072442999;Alternative;2026-06-19 12:06:28
Black Crown Initiate;725708648;Progressive Metal;2026-06-19 12:06:32
Black Earth;0;Melodic Death Metal;
Black Eyed Peas;360391;Hip-Hop;2026-06-19 12:06:38
Black Oak County;1137940619;Hard Rock;2026-06-19 12:06:42
Black Sabbath;165907;Heavy Metal;2026-06-19 12:06:48
Black Spiders;295232409;Hard Rock;2026-06-19 12:06:52
Black Stone Cherry;155784503;Hard Rock;2026-06-19 12:06:57
Black Veil Brides;276789923;Hard Rock;2026-06-19 12:07:01
Blackbraid;1621762105;Black Metal;2026-06-19 12:07:05
Blackbriar;1226343661;Symphonic Metal;2026-06-19 12:07:09
Blackgold;1599759791;Nu Metal;2026-06-19 12:07:14
Blackmore's Night;15133784;Rock;2026-06-19 12:07:18
Bleed the Sky;64942384;Metalcore;2026-06-19 12:07:22
Blind Guardian;14549348;Power Metal;2026-06-19 12:07:27
Blindside;149376;Alternative;2026-06-19 12:07:31
Blink-182;116851;Punk Rock;2026-06-19 12:07:36
Bloodbath;64873162;Death Metal;2026-06-19 12:07:40
Bloodhound Gang;861350;Alternative;2026-06-19 12:07:44
Bloodred Hourglass;550334387;Melodic Death Metal;2026-06-19 12:07:48
Bloody Hammers;560676512;Hard Rock;2026-06-19 12:07:52
Bloodywood;1186009219;Nu Metal;2026-06-19 12:07:56
Blotted Science;265124966;Progressive Metal;2026-06-19 12:08:00
Bodom After Midnight;1551370723;Melodic Death Metal;2026-06-19 12:08:04
Body Count;645352;Rap Metal;2026-06-19 12:08:08
Bon Jovi;122782;Hard Rock;2026-06-19 12:08:14
Borknagar;28430680;Progressive Metal;2026-06-19 12:08:18
Born of Osiris;265002070;Deathcore;2026-06-19 12:08:22
Brad Derrick;0;Score;
Brad Paisley;203739;Country;2026-06-19 12:08:27
Brand of Sacrifice;1348756444;Deathcore;2026-06-19 12:08:31
Breaking Benjamin;3299379;Alternative;2026-06-19 12:08:35
Brides of Lucifer;1387815306;Metal;2026-06-19 12:08:39
Bring Me the Horizon;121043936;Alternative;2026-06-19 12:08:44
Britney Spears;217005;Pop;2026-06-19 12:08:50
Brothers of Metal;1145316099;Power Metal;2026-06-19 12:08:54
Brujeria;4163922;Death Metal;2026-06-19 12:08:58
Bruno Mars;278873078;R&B;2026-06-19 12:09:03
Bullet for My Valentine;50077521;Metalcore;2026-06-19 12:09:08
Burning Skies;159398723;Deathcore;2026-06-19 12:09:12
Burzum;265766061;Black Metal;2026-06-19 12:09:16
Bush;154751;Alternative;2026-06-19 12:09:21
Butcher Babies;520447521;Metalcore;2026-06-19 12:09:25
Cain's Offering;326084432;Power Metal;2026-06-19 12:09:29
Caliban;107402910;Metalcore;2026-06-19 12:09:34
Callejon;28174275;Metalcore;2026-06-19 12:09:38
Cannibal Corpse;28692971;Death Metal;2026-06-19 12:09:42
Carach Angren;279550516;Symphonic Black Metal;2026-06-19 12:09:47
Carcass;42159435;Death Metal;2026-06-19 12:09:51
Carnifex;159752070;Deathcore;2026-06-19 12:09:55
Casandra's Crossing;1757933184;Hard Rock;2026-06-19 12:09:59
Cat Stevens;0;Rock;
Cavalera Conspiracy;273152410;Groove Metal;2026-06-19 12:10:03
Cellar Darling;1448925855;Folk Metal;2026-06-19 12:10:07
Centr;362131770;Hip-Hop;2026-06-19 12:10:11
Charlotte Wessels;307783101;Symphonic Metal;2026-06-19 12:10:15
Charred Walls of the Damned;339161543;Heavy Metal;2026-06-19 12:10:19
Chelsea Grin;286570387;Deathcore;2026-06-19 12:10:24
Chevelle;519486;Alternative;2026-06-19 12:10:28
Children of Bodom;13550318;Melodic Death Metal;2026-06-19 12:10:33
Chimaira;16638953;Groove Metal;2026-06-19 12:10:37
Chimbala;0;Pop;
Chris Brown;95705522;R&B;2026-06-19 12:10:46
Christina Aguilera;259398;Pop;2026-06-19 12:10:52
Ciara;14317116;R&B;2026-06-19 12:10:58
City of Fire;0;Alternative;
Clad in Shadows;1881731759;Melodic Death Metal;2026-06-19 12:11:02
Clawfinger;18935530;Rap Metal;2026-06-19 12:11:06
Cobra Spell;1527728038;Hard Rock;2026-06-19 12:11:10
Coffin Feeder;1588352091;Deathcore;2026-06-19 12:11:14
Coheed and Cambria;15031628;Alternative;2026-06-19 12:11:19
Cold;435825401;Alternative;2026-06-19 12:11:23
Cold Slither;1799247657;Heavy Metal;2026-06-19 12:11:27
Coldplay;471744;Alternative;2026-06-19 12:11:33
Confess;397508692;Glam Metal;2026-06-19 12:11:37
Connections;1655646304;Metal;2026-06-19 12:11:41
Conquer Divide;706356959;Metalcore;2026-06-19 12:11:45
Conquering Dystopia;834634416;Progressive Metal;2026-06-19 12:11:49
Contracult Collective;1494882725;Industrial Metal;2026-06-19 12:11:53
Corey Taylor;1182900937;Rock;2026-06-19 12:11:58
Corpsegrinder;1577450345;Death Metal;2026-06-19 12:12:02
Covenant;6842529;Symphonic Black Metal;2026-06-19 12:12:06
Cradle of Filth;3738030;Symphonic Black Metal;2026-06-19 12:12:11
Craig David;0;Pop;
Crazy Town;524819;Alternative;2026-06-19 12:12:15
Creed;2861519;Alternative;2026-06-19 12:12:19
Creedence Clearwater Revival;0;Rock;
Crobot;568294157;Hard Rock;2026-06-19 12:12:23
Crow Black Chicken;540063815;Stoner Metal;2026-06-19 12:12:29
Cryptopsy;41977108;Technical Death Metal;2026-06-19 12:12:33
Cyhra;1269835458;Metal;2026-06-19 12:12:37
Cypress Hill;465802;Rap Metal;2026-06-19 12:12:43
Daath;178617554;Melodic Death Metal;2026-06-19 12:12:47
Dagger Threat;1459158516;Metalcore;2026-06-19 12:12:51
Damageplan;3845631;Groove Metal;2026-06-19 12:12:55
Dan Forden;627761698;Score;2026-06-19 12:12:59
Daniel Licht;0;Score;
Daniel Sadowski;0;Score;
Dark Funeral;256917288;Black Metal;2026-06-19 12:13:03
Dark Sarah;688705822;Symphonic Metal;2026-06-19 12:13:07
Dark Tranquillity;18243687;Melodic Death Metal;2026-06-19 12:13:12
Darkane;17249127;Melodic Death Metal;2026-06-19 12:13:16
Darkwoods My Betrothed;581951674;Symphonic Black Metal;2026-06-19 12:13:20
Daughtry;748174;Hard Rock;2026-06-19 12:13:25
David Guetta;5557599;EDM;2026-06-19 12:13:36
Dayseeker;726336927;Alternative;2026-06-19 12:13:40
De Sangre;0;Alternative;
Dead by April;307522520;Metalcore;2026-06-19 12:13:45
Dead Icarus;1696366666;Metalcore;2026-06-19 12:13:49
Dead Wing;459042712;Stoner Metal;2026-06-19 12:13:53
Deadmau5;78011850;EDM;2026-06-19 12:14:02
Death;17249530;Death Metal;2026-06-19 12:14:06
Decapitated;42258018;Technical Death Metal;2026-06-19 12:14:11
Dee Snider;6547189;Heavy Metal;2026-06-19 12:14:15
Deep Purple;135532;Hard Rock;2026-06-19 12:14:24
Deer Death;1686925632;Alternative;2026-06-19 12:14:29
Defecto;1081768030;Progressive Metal;2026-06-19 12:14:33
Deicide;16644222;Death Metal;2026-06-19 12:14:37
Delain;184414833;Symphonic Metal;2026-06-19 12:14:41
Demon Hunter;17800621;Metalcore;2026-06-19 12:14:46
Demonical;443229623;Death Metal;2026-06-19 12:14:50
Demotional;437778215;Metalcore;2026-06-19 12:14:55
Despised Icon;64636070;Deathcore;2026-06-19 12:14:59
Dethklok;264135825;Melodic Death Metal;2026-06-19 12:15:03
Dev;0;Pop;
Devil You Know;835108921;Metalcore;2026-06-19 12:15:07
Devilment;913655238;Gothic Metal;2026-06-19 12:15:11
Devin Townsend;30462631;Progressive Metal;2026-06-19 12:15:15
Devin Townsend;337438756;Progressive Metal;2026-06-19 12:15:20
DGM;1477263754;Progressive Metal;2026-06-19 12:15:24
Diabulus in Musica;365991611;Symphonic Metal;2026-06-19 12:15:28
Diamond Head;7278795;Heavy Metal;2026-06-19 12:15:32
Die Allergie;0;Industrial Metal;
Die Antwoord;380615226;Rave;2026-06-19 12:15:37
Die Krupps;6516629;Industrial Metal;2026-06-19 12:15:41
Dimmu Borgir;15621683;Symphonic Black Metal;2026-06-19 12:15:46
Dio;2779392;Heavy Metal;2026-06-19 12:15:50
Dir En Grey;0;Progressive Metal;
Dirty Black Summer;1562899607;Metal;2026-06-19 12:15:54
Disciple;18284287;Alternative;2026-06-19 12:15:59
Disturbed;156807;Alternative;2026-06-19 12:16:04
Divine Heresy;259887061;Metalcore;2026-06-19 12:16:08
DJ Fresh;28623702;EDM;2026-06-19 12:16:13
DJ Khaled;157749142;Hip-Hop;2026-06-19 12:16:20
DJ Pimp & MC Hustla;0;Hip-Hop;
Doja Cat;830588310;Pop;2026-06-19 12:16:26
Dominum;1705431963;Power Metal;2026-06-19 12:16:30
Don Broco;307317604;Alternative;2026-06-19 12:16:34
Dorothy;952845940;Hard Rock;2026-06-19 12:16:39
Downset;373967;Rap Metal;2026-06-19 12:16:43
Dr. Dre;35315;Rap;2026-06-19 12:16:48
Draconian;46934953;Gothic Metal;2026-06-19 12:16:52
DragonForce;3261249;Power Metal;2026-06-19 12:16:56
Drake;271256;Rap;2026-06-19 12:17:06
Dream Theater;730091;Progressive Metal;2026-06-19 12:17:11
Dream Widow;1609700595;Thrash Metal;2026-06-19 12:17:15
Drowning Pool;95701594;Alternative;2026-06-19 12:17:19
Dua Lipa;1031397873;Pop;2026-06-19 12:17:26
DVSR;1057505755;Rap Metal;2026-06-19 12:17:30
Dying Wish;1405075680;Metalcore;2026-06-19 12:17:34
Dynazty;326752603;Heavy Metal;2026-06-19 12:17:38
E-Rotic;0;Pop;
Earthside;1044809006;Progressive Metal;2026-06-19 12:17:42
Eclipse;958038395;Hard Rock;2026-06-19 12:17:46
Edge of Paradise;430613575;Alternative;2026-06-19 12:17:51
Einherjer;54687228;Folk Metal;2026-06-19 12:17:55
Ektomorf;15621603;Groove Metal;2026-06-19 12:18:00
Electric Callboy;387883325;Metalcore;2026-06-19 12:18:04
Element Eighty;3276488;Nu Metal;2026-06-19 12:18:08
Ellefson;251691375;Metal;2026-06-19 12:18:12
Eluveitie;269358403;Folk Metal;2026-06-19 12:18:17
Elwood Stray;1110032029;Metalcore;2026-06-19 12:18:21
Emigrate;261362717;Industrial Metal;2026-06-19 12:18:25
Emil Bulls;13432035;Alternative;2026-06-19 12:18:30
Eminem;111051;Rap;2026-06-19 12:18:37
Enter Shikari;179865613;Alternative;2026-06-19 12:18:44
Enterprise Earth;923642844;Deathcore;2026-06-19 12:18:48
Epica;185933496;Symphonic Metal;2026-06-19 12:18:53
Equipoise;1344210544;Technical Death Metal;2026-06-19 12:18:57
Eternal Storm;843621835;Melodic Death Metal;2026-06-19 12:19:01
Eva Under Fire;1066053168;Alternative;2026-06-19 12:19:05
Evanescence;42102393;Alternative;2026-06-19 12:19:10
Evans Blue;102861586;Alternative;2026-06-19 12:19:14
Evile;258833437;Thrash Metal;2026-06-19 12:19:18
Ex Deo;315632493;Symphonic Metal;2026-06-19 12:19:22
Exhorder;106228497;Thrash Metal;2026-06-19 12:19:27
Exotype;565644950;Nu Metal;2026-06-19 12:19:31
Extortionist;825926898;Deathcore;2026-06-19 12:19:35
Fall Out Boy;28673423;Alternative;2026-06-19 12:19:40
Falling in Reverse;439592053;Alternative;2026-06-19 12:19:45
Fallujah;474676502;Technical Death Metal;2026-06-19 12:19:49
False Memories;980357124;Gothic Metal;2026-06-19 12:19:53
Farmer Boys;17508882;Alternative;2026-06-19 12:19:57
Faun;61412380;Folk Metal;2026-06-19 12:20:01
Fear Factory;15773169;Industrial Metal;2026-06-19 12:20:06
Fergie;151910203;Pop;2026-06-19 12:20:10
Feuerschwanz;211261102;Folk Metal;2026-06-19 12:20:15
Fever 333;1272838229;Rap Metal;2026-06-19 12:20:20
Finger Eleven;96318432;Alternative;2026-06-19 12:20:24
First Fragment;1097645498;Technical Death Metal;2026-06-19 12:20:28
Fit for an Autopsy;437838789;Deathcore;2026-06-19 12:20:32
Five Finger Death Punch;258875116;Groove Metal;2026-06-19 12:20:37
Flaw;88311;Nu Metal;2026-06-19 12:20:41
Fleshgod Apocalypse;450736188;Symphonic Metal;2026-06-19 12:20:45
Flyleaf;27653104;Alternative;2026-06-19 12:20:50
Foo Fighters;6906197;Alternative;2026-06-19 12:20:55
For My Pain...;309867739;Gothic Metal;2026-06-19 12:20:59
For You.Earth;0;Deathcore;
Fozzy;5648447;Heavy Metal;2026-06-19 12:21:03
Freeze the Fall;1724866538;Alternative;2026-06-19 12:21:07
Freternia;849321982;Power Metal;2026-06-19 12:21:11
From First to Last;28673455;Alternative;2026-06-19 12:21:16
Fuel;510215;Alternative;2026-06-19 12:21:20
Full House Brew Crew;486640196;Groove Metal;2026-06-19 12:21:24
Funeral;208973684;Doom Metal;2026-06-19 12:21:28
Future Palace;1457925016;Alternative;2026-06-19 12:21:32
Galactic Empire;1068343185;Progressive Metal;2026-06-19 12:21:37
Geezer Butler;26514798;Metal;2026-06-19 12:21:41
Geezer Butler;59745912;Metal;2026-06-19 12:21:45
Gemini Syndrome;416625995;Nu Metal;2026-06-19 12:21:50
Genus Ordinis Dei;1065835156;Symphonic Metal;2026-06-19 12:21:54
Geoff Castellucci;1497429001;Country;2026-06-19 12:21:59
George Lynch;0;Hard Rock;
Ghost;600730426;Heavy Metal;2026-06-19 12:22:03
Giant Walker;1582883040;Alternative;2026-06-19 12:22:07
Gims;458659054;Hip-Hop;2026-06-19 12:22:14
Glamour of the Kill;280779736;Metalcore;2026-06-19 12:22:18
Glass Beams;1558093934;Rock;2026-06-19 12:22:22
Godsmack;250737;Metal;2026-06-19 12:22:27
Gojira;65158676;Progressive Metal;2026-06-19 12:22:31
Goldfinger;2089079;Punk Rock;2026-06-19 12:22:35
Gorky Park;0;Hard Rock;
Grave Noise;1373297908;Thrash Metal;2026-06-19 12:22:39
Graveworm;15866087;Symphonic Black Metal;2026-06-19 12:22:43
Green Day;954266;Punk Rock;2026-06-19 12:22:49
Green Lung;1244071662;Stoner Metal;2026-06-19 12:22:53
Grey Daze;4916893;Grunge;2026-06-19 12:22:57
Gridiron;1535465007;Rap Metal;2026-06-19 12:23:01
Guano Apes;558193;Alternative;2026-06-19 12:23:06
Guns n' Roses;106621;Hard Rock;2026-06-19 12:23:10
H-Blockx;18262718;Rap Metal;2026-06-19 12:23:14
Hacktivist;558489997;Rap Metal;2026-06-19 12:23:19
Haken;363702196;Progressive Metal;2026-06-19 12:23:23
Halestorm;3969358;Hard Rock;2026-06-19 12:23:28
HammerFall;6475279;Power Metal;2026-06-19 12:23:32
Hammers of Misfortune;80907270;Progressive Metal;2026-06-19 12:23:36
Hand of Kalliach;1541741631;Melodic Death Metal;2026-06-19 12:23:41
Hatebreed;90291;Metalcore;2026-06-19 12:23:45
He Is Legend;7251914;Metal;2026-06-19 12:23:50
Heart of a Coward;323831786;Metalcore;2026-06-19 12:23:54
Heaven & Hell;262114058;Heavy Metal;2026-06-19 12:23:58
Heaven Shall Burn;107403664;Metalcore;2026-06-19 12:24:02
(Hed) P.E.;1487510;Rap Metal;2026-06-19 12:24:07
Hedras;1455211134;Progressive Metal;2026-06-19 12:24:11
Heljareyga;364247794;Folk Metal;2026-06-19 12:24:15
Hellyeah;215827435;Groove Metal;2026-06-19 12:24:20
Herman Rarebell;68223567;Hard Rock;2026-06-19 12:24:24
HIM;4471986;Alternative;2026-06-19 12:24:29
Hollywood Vampires;294758731;Hard Rock;2026-06-19 12:24:33
Holywatr;1496026557;Alternative Metal;2026-06-19 12:24:37
Horizon Ignited;1445776667;Melodic Death Metal;2026-06-19 12:24:41
Horndal;1234951513;Stoner Metal;2026-06-19 12:24:45
Hot Action Cop;335876;Alternative;2026-06-19 12:24:49
Hot Milk;1449601841;Alternative;2026-06-19 12:24:53
Hozier;0;Pop;
Hypocrisy;15788810;Melodic Death Metal;2026-06-19 12:24:59
Hyro the Hero;429561895;Rap Metal;2026-06-19 12:25:04
Ibaraki;1601428639;Progressive Metal;2026-06-19 12:25:08
Ice Nine Kills;204318665;Metalcore;2026-06-19 12:25:13
ICS Vortex;284534047;Progressive Metal;2026-06-19 12:25:17
Igorrr;314463968;Progressive Metal;2026-06-19 12:25:21
Ihsahn;152674496;Progressive Metal;2026-06-19 12:25:25
Ill Nino;5570230;Nu Metal;2026-06-19 12:25:30
Imagine Dragons;358714030;Rock;2026-06-19 12:25:35
Immortal;15866288;Black Metal;2026-06-19 12:25:39
In Flames;15866128;Melodic Death Metal;2026-06-19 12:25:44
Incubus;465707;Alternative;2026-06-19 12:25:49
Infant Annihilator;667542803;Deathcore;2026-06-19 12:25:53
Ingested;316626426;Technical Death Metal;2026-06-19 12:25:57
Inhuman;1719972340;Gothic Metal;2026-06-19 12:26:01
Inna;0;Pop;
Inna Syberia;1619555284;Folk Metal;2026-06-19 12:26:05
Inon Zur;0;Score;
Insomnium;78949757;Melodic Death Metal;2026-06-19 12:26:10
Interloper;1393307706;Progressive Metal;2026-06-19 12:26:14
IO;0;Alternative;
Iommi;0;Hard Rock;
Iotunn;1089858079;Progressive Metal;2026-06-19 12:26:18
Iron Horse;125711666;Bluegrass;2026-06-19 12:26:22
Iron Maiden;546381;Heavy Metal;2026-06-19 12:26:28
Iron Savior;0;Power Metal;
Izzy Reign;1484488135;Alternative;2026-06-19 12:26:32
Jane Air;129659665;Nu Metal;2026-06-19 12:26:37
Jared Dines;957093644;Deathcore;2026-06-19 12:26:42
Jared James Nichols;534599711;Hard Rock;2026-06-19 12:26:46
Jason Becker;0;Heavy Metal;
Jason Derulo;259118085;R&B;2026-06-19 12:26:53
Jasta;436625213;Metalcore;2026-06-19 12:26:57
Jennifer Lopez;463009;Pop;2026-06-19 12:27:04
Jeremy Soule;0;Score;
Jidenna;963872688;Rap;2026-06-19 12:27:09
Jinjer;496694999;Progressive Metal;2026-06-19 12:27:13
Job for a Cowboy;213177752;Technical Death Metal;2026-06-19 12:27:17
John 5;72181046;Alternative;2026-06-19 12:27:22
John Fogerty;0;Rock;
John Garcia and The Band of Gold;0;Stoner Metal;
John Petrucci;6910560;Progressive Metal;2026-06-19 12:27:26
John Powell;0;Score;
John Williams;0;Score;
Josh Turner;1883437;Country;2026-06-19 12:27:30
Judicator;660106105;Power Metal;2026-06-19 12:27:34
Justin Bieber;320569549;Pop;2026-06-19 12:27:42
Kadinja;908429460;Progressive Metal;2026-06-19 12:27:46
Kaipa;0;Progressive Rock;
Kaledon;349837045;Power Metal;2026-06-19 12:27:50
Kaosis;1302714053;Nu Metal;2026-06-19 12:27:54
Karnivool;85099785;Progressive Rock;2026-06-19 12:27:59
Kataklysm;15951546;Death Metal;2026-06-19 12:28:03
Katatonia;73592787;Doom Metal;2026-06-19 12:28:08
Katy Perry;64387566;Pop;2026-06-19 12:28:14
Keith Wallen;328886581;Alternative;2026-06-19 12:28:18
Kesha;334854763;Pop;2026-06-19 12:28:23
Keygen Church;1450170610;Industrial Metal;2026-06-19 12:28:27
Khemmis;1004631193;Doom Metal;2026-06-19 12:28:31
Kid Rock;252399;Rock;2026-06-19 12:28:36
Kiesza;0;Pop;
Kiko Loureiro;202098188;Progressive Metal;2026-06-19 12:28:41
Kill Devil Hill;216252398;Heavy Metal;2026-06-19 12:28:45
Kill the Noise;280835500;EDM;2026-06-19 12:28:50
Killswitch Engage;14268438;Metalcore;2026-06-19 12:28:54
Kingsmen;1450535649;Metalcore;2026-06-19 12:28:58
Kittie;5576674;Nu Metal;2026-06-19 12:29:02
Knife Bride;1601998574;Alternative;2026-06-19 12:29:06
Knife Party;440719207;EDM;2026-06-19 12:29:11
KoreNNь & Platon;0;Hip-Hop;
Korn;466532;Nu Metal;2026-06-19 12:29:15
Kryoburn;0;Industrial Metal;
Lacuna Coil;18030160;Gothic Metal;2026-06-19 12:29:20
Lady Gaga;277293880;Pop;2026-06-19 12:29:26
Lake of Silence;1785017394;Metal;2026-06-19 12:29:30
Lamb of God;18758452;Groove Metal;2026-06-19 12:29:35
Larcenia Roe;1687417810;Deathcore;2026-06-19 12:29:39
League of Distortion;1631608480;Alternative;2026-06-19 12:29:43
Leander Rising;530875466;Metal;2026-06-19 12:29:47
Led Zeppelin;994656;Hard Rock;2026-06-19 12:29:52
Left to Suffer;1455594195;Metalcore;2026-06-19 12:29:57
Lethal Injektion;1064503590;Rap Metal;2026-06-19 12:30:01
Lifehouse;3447393;Alternative;2026-06-19 12:30:05
Light the Torch;1338913478;Metalcore;2026-06-19 12:30:09
Lil Wayne;0;Rap;
Limp Bizkit;105544;Nu Metal;2026-06-19 12:30:14
Lindemann;19561015;Industrial Metal;2026-06-19 12:30:18
Lindemann;20851094;Industrial Metal;2026-06-19 12:30:23
Linkin Park;148662;Alternative;2026-06-19 12:30:29
Liquid Tension Experiment;149011322;Progressive Metal;2026-06-19 12:30:33
Little Big;310964912;Rave;2026-06-19 12:30:38
Lord of the Lost;327165319;Gothic Metal;2026-06-19 12:30:45
Lorna Shore;385220213;Deathcore;2026-06-19 12:30:49
Lost Society;572977787;Thrash Metal;2026-06-19 12:30:53
Lostprophets;473514;Alternative;2026-06-19 12:30:57
Louna;410063121;Alternative;2026-06-19 12:31:02
Love and Death;517704185;Nu Metal;2026-06-19 12:31:06
Ludovico Einaudi;7420827;Modern Classical;2026-06-19 12:31:12
Machinae Supremacy;0;Power Metal;
Machine Head;16638695;Groove Metal;2026-06-19 12:31:16
Madonna;20044;Pop;2026-06-19 12:31:23
Magnolia Park;1413545983;Alternative;2026-06-19 12:31:28
Malevolence;267420258;Groove Metal;2026-06-19 12:31:32
Mammoth;1808750544;Hard Rock;2026-06-19 12:31:36
Maneskin;1312874741;Rock;2026-06-19 12:31:40
Manimal;942669462;Heavy Metal;2026-06-19 12:31:44
Manowar;157798;Heavy Metal;2026-06-19 12:31:49
Marcin Przybylowicz;0;Score;
Marilyn Manson;251375;Alternative;2026-06-19 12:31:54
Mark Morton;1445459220;Metal;2026-06-19 12:31:58
Mark Ronson;14400049;Hip-Hop;2026-06-19 12:32:04
Marko Hietala;264611177;Heavy Metal;2026-06-19 12:32:08
Marty Friedman;4511319;Heavy Metal;2026-06-19 12:32:13
Master Boot Record;1216150815;Industrial Metal;2026-06-19 12:32:18
Mastodon;65922937;Progressive Metal;2026-06-19 12:32:22
Maximum the Hormone;347905413;Alternative;2026-06-19 12:32:26
Me and That Man;1185006747;Country;2026-06-19 12:32:30
Megadeth;488289;Thrash Metal;2026-06-19 12:32:35
Mental Cruelty;1183485446;Deathcore;2026-06-19 12:32:39
Mercenary;80073958;Melodic Death Metal;2026-06-19 12:32:44
Mercyful Fate;60363022;Heavy Metal;2026-06-19 12:32:48
Meshuggah;17304969;Progressive Metal;2026-06-19 12:32:52
Mestis;578277708;Progressive Metal;2026-06-19 12:32:56
Metal Allegiance;1019310481;Metal;2026-06-19 12:33:00
Metallica;3996865;Heavy Metal;2026-06-19 12:33:07
Methods of Mayhem;13115975;Rap Metal;2026-06-19 12:33:10
Michael Jackson;32940;Pop;2026-06-19 12:33:15
Mick Gordon;469318624;Industrial Metal;2026-06-19 12:33:20
Miley Cyrus;137057909;Pop;2026-06-19 12:33:25
Misanthrope;0;Metal;
Miseration;288232948;Melodic Death Metal;2026-06-19 12:33:29
Misfire;1605840904;Thrash Metal;2026-06-19 12:33:33
Miss Fortune;4366875;Alternative;2026-06-19 12:33:37
Mister Misery;1469081126;Alternative;2026-06-19 12:33:41
MMXX;1470690802;Gothic Metal;2026-06-19 12:33:45
Mnemic;6842435;Industrial Metal;2026-06-19 12:33:49
Mob Rules;199424890;Power Metal;2026-06-19 12:33:53
MolyBaron;1224964390;Alternative;2026-06-19 12:33:57
Monument of a Memory;1013087052;Metalcore;2026-06-19 12:34:01
Monuments;128844824;Progressive Metal;2026-06-19 12:34:05
Morandi;0;Pop;
Mors Principium Est;131210723;Melodic Death Metal;2026-06-19 12:34:09
Motionless in White;266666216;Metalcore;2026-06-19 12:34:15
Motley Crue;284113;Glam Metal;2026-06-19 12:34:20
Motorhead;539605;Heavy Metal;2026-06-19 12:34:27
Mudvayne;468521;Nu Metal;2026-06-19 12:34:31
Muse;1093360;Alternative;2026-06-19 12:34:36
My Autumn;0;Deathcore;
My Darkest Days;377449574;Hard Rock;2026-06-19 12:34:40
My Dying Bride;73591048;Doom Metal;2026-06-19 12:34:44
Myles Kennedy;471321;Hard Rock;2026-06-19 12:34:49
Myrath;317299570;Progressive Metal;2026-06-19 12:34:53
Nailed to Obscurity;343293037;Doom Metal;2026-06-19 12:34:57
Native James;1181149890;Rap Metal;2026-06-19 12:35:01
Necrophagist;73982981;Technical Death Metal;2026-06-19 12:35:05
Nero;2897799;EDM;2026-06-19 12:35:10
New Years Day;205776793;Alternative;2026-06-19 12:35:14
Newsted;278116755;Heavy Metal;2026-06-19 12:35:18
Nicholas Hooper;0;Score;
Nickelback;5280361;Alternative;2026-06-19 12:35:22
Nicki Minaj;278464538;Hip-Hop;2026-06-19 12:35:33
Night Soil;0;Death Metal;
Nightrage;19092957;Melodic Death Metal;2026-06-19 12:35:37
Nightwish;2898807;Symphonic Metal;2026-06-19 12:35:42
Nik Nocturnal;1325344302;Metalcore;2026-06-19 12:35:49
Nile;65885099;Technical Death Metal;2026-06-19 12:35:53
Nintendo;472554595;Hip-Hop;2026-06-19 12:35:57
Nirvana;112018;Grunge;2026-06-19 12:36:02
Nita Strauss;628452620;Metal;2026-06-19 12:36:06
No One;1021580182;Nu Metal;2026-06-19 12:36:10
Noize MC;292138099;Alternative;2026-06-19 12:36:16
Nonpoint;39213;Nu Metal;2026-06-19 12:36:21
Nox Doloris;697181311;Symphonic Black Metal;2026-06-19 12:36:25
Nuclear Power Trio;1263618368;Progressive Metal;2026-06-19 12:36:29
Oasis;0;Alternative;
Obituary;16645051;Death Metal;2026-06-19 12:36:33
Obscura;42373693;Technical Death Metal;2026-06-19 12:36:37
Of Mice & Men;127357180;Metalcore;2026-06-19 12:36:42
Old Gods of Asgard;504527242;Hard Rock;2026-06-19 12:36:45
Omi;0;Pop;
OneRepublic;260414340;Rock;2026-06-19 12:36:51
Oni;192877221;Metalcore;2026-06-19 12:36:56
Opeth;3196120;Progressive Metal;2026-06-19 12:37:00
Oracles;448541782;Melodic Death Metal;2026-06-19 12:37:04
Orbit Culture;691240064;Melodic Death Metal;2026-06-19 12:37:08
Orden Ogan;271815617;Power Metal;2026-06-19 12:37:13
Orphanage;20101373;Gothic Metal;2026-06-19 12:37:17
Orphaned Land;18243552;Folk Metal;2026-06-19 12:37:21
Orpheus Omega;640829214;Melodic Death Metal;2026-06-19 12:37:25
Otep;6218880;Nu Metal;2026-06-19 12:37:29
Ottto;1484238276;Hard Rock;2026-06-19 12:37:33
Ov Sulfur;1549672851;Deathcore;2026-06-19 12:37:38
Ozzy Osbourne;886834;Heavy Metal;2026-06-19 12:37:42
P.O.D.;626650;Nu Metal;2026-06-19 12:37:47
Pain of Salvation;188155872;Progressive Metal;2026-06-19 12:37:51
Pantera;155209;Groove Metal;2026-06-19 12:37:55
Papa Roach;3445763;Nu Metal;2026-06-19 12:38:01
Paradise Slaves;1772889922;Metalcore;2026-06-19 12:38:05
Paralydium;1484547434;Progressive Metal;2026-06-19 12:38:09
Parkway Drive;166667737;Metalcore;2026-06-19 12:38:13
Patrick Doyle;0;Score;
Paul Romero;0;Score;
Pendulum;118007099;EDM;2026-06-19 12:38:18
Pentakill;870541409;Heavy Metal;2026-06-19 12:38:22
Perimeter;1559752622;Industrial Metal;2026-06-19 12:38:26
Periphery;187683869;Progressive Metal;2026-06-19 12:38:30
Persefone;337247603;Progressive Metal;2026-06-19 12:38:34
Peyton Parrish;789938918;Metal;2026-06-19 12:38:40
Phil Campbell;1156839466;Hard Rock;2026-06-19 12:38:44
Philippe Charron;0;Score;
Pink;4488522;Pop;2026-06-19 12:38:50
Pink Floyd;487143;Progressive Rock;2026-06-19 12:38:55
Pleymo;14487204;Nu Metal;2026-06-19 12:38:59
Pomegranate Tiger;595914612;Progressive Metal;2026-06-19 12:39:03
Pomplamoose;0;Pop;
Poppy;1004130511;Alternative;2026-06-19 12:39:07
Post Malone;966309175;Rap;2026-06-19 12:39:13
Power Paladin;1540478964;Power Metal;2026-06-19 12:39:17
Powerflo;1227138817;Rap Metal;2026-06-19 12:39:21
Powerman 5000;1093515;Nu Metal;2026-06-19 12:39:25
Powerwolf;272130237;Power Metal;2026-06-19 12:39:30
Protest the Hero;28721874;Progressive Metal;2026-06-19 12:39:35
Puddle of Mudd;109754;Alternative;2026-06-19 12:39:39
Pulse Ultra;151045;Alternative;2026-06-19 12:39:43
Purson;516682295;Progressive Rock;2026-06-19 12:39:47
Pustulant Flesh;1826083930;Death Metal;2026-06-19 12:39:51
Pyramaze;41865640;Power Metal;2026-06-19 12:39:55
Quadvium;1799036399;Progressive Metal;2026-06-19 12:39:59
Queen;3296287;Rock;2026-06-19 12:40:06
Rage;3261481;Power Metal;2026-06-19 12:40:11
Rage Against the Machine;899409;Rap Metal;2026-06-19 12:40:15
Rain Paris;0;Alternative;
Rainbow;51688;Hard Rock;2026-06-19 12:40:19
Ramin Djawadi;0;Score;
Rammstein;408932;Industrial Metal;2026-06-19 12:40:24
Raunchy;17511114;Alternative;2026-06-19 12:40:28
Red;214135551;Alternative;2026-06-19 12:40:33
Red Hot Chili Peppers;889780;Alternative;2026-06-19 12:40:38
Refuge;1386551631;Power Metal;2026-06-19 12:40:42
ReinXeed;0;Power Metal;
Renunciation;1491622798;Symphonic Black Metal;2026-06-19 12:40:46
Repentance;1584778122;Metalcore;2026-06-19 12:40:50
Return to Dust;1631598530;Alternative;2026-06-19 12:40:54
Revolution Harmony;0;Metal;
Rihanna;63346553;R&B;2026-06-19 12:41:01
Rings of Saturn;373843476;Technical Death Metal;2026-06-19 12:41:06
Rise to Remain;440770281;Metalcore;2026-06-19 12:41:10
Rivers of Nihil;687192633;Progressive Metal;2026-06-19 12:41:14
Ryujin;1674741887;Power Metal;2026-06-19 12:41:18
Sabaton;184065032;Power Metal;2026-06-19 12:41:23
Sadus;268594195;Thrash Metal;2026-06-19 12:41:27
Saffire;299850725;Hard Rock;2026-06-19 12:41:31
Saint Asonia;994032832;Alternative;2026-06-19 12:41:35
Sakoya;1490523214;Alternative;2026-06-19 12:41:40
Saliva;391630;Nu Metal;2026-06-19 12:41:45
Sanctity;16054731;Thrash Metal;2026-06-19 12:41:49
Sanguine Glacialis;1330668835;Symphonic Metal;2026-06-19 12:41:53
Santana;0;Rock;
Satan;27051147;Heavy Metal;2026-06-19 12:41:57
Savage Hands;1334753645;Alternative;2026-06-19 12:42:01
Scar Symmetry;81695527;Melodic Death Metal;2026-06-19 12:42:05
Scars on Broadway;1810454952;Alternative;2026-06-19 12:42:10
Scene Queen;1563763617;Nu Metal;2026-06-19 12:42:14
Scorpions;602212;Hard Rock;2026-06-19 12:42:19
Scotch;0;Alternative;
Sebastien Thifault;0;Score;
Seether;92713141;Alternative;2026-06-19 12:42:23
Septicflesh;275730586;Symphonic Black Metal;2026-06-19 12:42:27
Sepultura;918092;Thrash Metal;2026-06-19 12:42:32
Serenity;561583302;Power Metal;2026-06-19 12:42:36
Serj Tankian;82647909;Alternative;2026-06-19 12:42:44
Serpentine Dominion;1141476328;Death Metal;2026-06-19 12:42:48
Sevendust;13125174;Alternative;2026-06-19 12:42:52
Shadow of Intent;897993639;Melodic Death Metal;2026-06-19 12:42:57
Shokran;821618900;Progressive Metal;2026-06-19 12:43:01
Sia;28721078;Pop;2026-06-19 12:43:08
Siamese;1236907075;Alternative;2026-06-19 12:43:13
Silly Goose;1584399710;Rap Metal;2026-06-19 12:43:17
Sinsaenum;1116060677;Death Metal;2026-06-19 12:43:21
Sion;1555418843;Metalcore;2026-06-19 12:43:25
Six Feet Under;28917807;Death Metal;2026-06-19 12:43:30
Sixx:A.M.;257823434;Hard Rock;2026-06-19 12:43:34
Skindred;5298947;Nu Metal;2026-06-19 12:43:38
Skrillex;356545647;EDM;2026-06-19 12:43:44
Slade;13132485;Glam Rock;2026-06-19 12:43:49
Slash;115556;Hard Rock;2026-06-19 12:43:55
Slaughter to Prevail;1000804900;Deathcore;2026-06-19 12:43:59
Slayer;414425;Thrash Metal;2026-06-19 12:44:03
Sleep Token;1153723033;Metal;2026-06-19 12:44:08
Slipknot;6907568;Nu Metal;2026-06-19 12:44:12
Slope;1693881372;Alternative;2026-06-19 12:44:16
Smackbound;1468672845;Alternative;2026-06-19 12:44:20
Snoop Dogg;21769;Rap;2026-06-19 12:44:29
Snoop Lion;547416867;Rap;2026-06-19 12:44:33
Soen;423817511;Progressive Metal;2026-06-19 12:44:38
Soften the Glare;1273280741;Progressive Rock;2026-06-19 12:44:42
Soilwork;6767103;Melodic Death Metal;2026-06-19 12:44:46
Solence;563152754;Alternative;2026-06-19 12:44:51
Solution .45;363090144;Melodic Death Metal;2026-06-19 12:44:55
Sonata Arctica;29048370;Power Metal;2026-06-19 12:44:59
Sons of Apollo;348367792;Progressive Metal;2026-06-19 12:45:03
Sons of Texas;950328612;Groove Metal;2026-06-19 12:45:07
Sonya Belousova & Giona Ostinelli;0;Score;
Soulfly;15772893;Groove Metal;2026-06-19 12:45:12
Spineshank;15772823;Nu Metal;2026-06-19 12:45:16
Spiritbox;1293047384;Metal;2026-06-19 12:45:20
Spite;261493655;Deathcore;2026-06-19 12:45:24
SR-71;215778;Punk Rock;2026-06-19 12:45:28
Staind;613161;Nu Metal;2026-06-19 12:45:33
Stardown;447352078;Groove Metal;2026-06-19 12:45:37
Starset;669248603;Alternative;2026-06-19 12:45:41
Static-X;161690;Industrial Metal;2026-06-19 12:45:46
Steel Panther;302709189;Glam Metal;2026-06-19 12:45:50
Stellar Circuits;1042313094;Progressive Metal;2026-06-19 12:45:55
Steve 'n' Seagulls;981357713;Bluegrass;2026-06-19 12:45:59
Stigmata;1003940079;Metalcore;2026-06-19 12:46:04
Stone Broken;287105142;Hard Rock;2026-06-19 12:46:08
Stone Sour;16643509;Alternative;2026-06-19 12:46:12
Storm Seeker;1104994009;Folk Metal;2026-06-19 12:46:16
Story of the Year;2417172;Alternative;2026-06-19 12:46:21
Stratovarius;6557658;Power Metal;2026-06-19 12:46:25
Stuck Mojo;36021999;Rap Metal;2026-06-19 12:46:29
Suicide Silence;181915332;Deathcore;2026-06-19 12:46:33
Sum 41;249591;Punk Rock;2026-06-19 12:46:38
Sumatra;1501307689;Deathcore;2026-06-19 12:46:42
Suotana;1047599951;Melodic Death Metal;2026-06-19 12:46:45
Sweet;492548;Glam Rock;2026-06-19 12:46:50
Switched;78030544;Nu Metal;2026-06-19 12:46:54
Sworn In;126384053;Metalcore;2026-06-19 12:46:58
Symphony X;181601973;Progressive Metal;2026-06-19 12:47:02
Syncatto;1082238720;Progressive Metal;2026-06-19 12:47:07
System of a Down;462715;Alternative;2026-06-19 12:47:11
Takida;128465509;Alternative;2026-06-19 12:47:15
Tallah;137058200;Nu Metal;2026-06-19 12:47:19
Tarja;264641364;Symphonic Metal;2026-06-19 12:47:25
Taylor Swift;159260351;Pop;2026-06-19 12:47:33
Ten56;1556817098;Metalcore;2026-06-19 12:47:38
Tenet;0;Thrash Metal;
Teramaze;284809113;Progressive Metal;2026-06-19 12:47:43
Tesseract;279204661;Progressive Metal;2026-06-19 12:47:47
Testament;157139;Thrash Metal;2026-06-19 12:47:51
Texas Hippie Coalition;275099992;Groove Metal;2026-06-19 12:47:55
The 69 Eyes;61138147;Gothic Rock;2026-06-19 12:48:00
The Acacia Strain;253042890;Deathcore;2026-06-19 12:48:04
The Agonist;259346705;Melodic Death Metal;2026-06-19 12:48:09
The All-American Rejects;3447642;Punk Rock;2026-06-19 12:48:13
The Animal in Me;579836835;Alternative;2026-06-19 12:48:19
The Apex Theory;3446364;Alternative;2026-06-19 12:48:23
The Beatles;136975;Rock & Roll;2026-06-19 12:48:28
The Black Dahlia Murder;53265055;Melodic Death Metal;2026-06-19 12:48:32
The Bones of J.R. Jones;511215697;Alternative;2026-06-19 12:48:38
The Butcher Sisters;1157406413;Rap Metal;2026-06-19 12:48:43
The Buzzhorn;151092;Alternative;2026-06-19 12:48:47
The Cost;1732933328;Alternative;2026-06-19 12:48:51
The Dark Element;1271719224;Symphonic Metal;2026-06-19 12:48:55
The Dark Side of the Moon;1577812052;Symphonic Metal;2026-06-19 12:48:59
The Faceless;218291847;Technical Death Metal;2026-06-19 12:49:03
The Few Against Many;355237757;Melodic Death Metal;2026-06-19 12:49:08
The Funeral Portrait;917467004;Alternative;2026-06-19 12:49:12
The Gloom in the Corner;1163152336;Metalcore;2026-06-19 12:49:17
The Halo Effect;1592180647;Melodic Death Metal;2026-06-19 12:49:21
The Korea;494609338;Metalcore;2026-06-19 12:49:25
The Oath;1017443475;Heavy Metal;2026-06-19 12:49:29
The Offering;75680722;Groove Metal;2026-06-19 12:49:33
The Offspring;2820865;Punk Rock;2026-06-19 12:49:38
The Old Dead Tree;73384726;Progressive Metal;2026-06-19 12:49:42
The Pretty Wild;1576555346;Alternative;2026-06-19 12:49:46
The Prodigy;1093102;Rave;2026-06-19 12:49:51
The Raven Age;891638660;Metal;2026-06-19 12:49:56
The Showdown;28682997;Groove Metal;2026-06-19 12:50:00
The Shredderz;1678040383;Thrash Metal;2026-06-19 12:50:04
The Stranded;511924458;Melodic Death Metal;2026-06-19 12:50:08
The Troops of Doom;1522554654;Thrash Metal;2026-06-19 12:50:12
The Unguided;423971933;Melodic Death Metal;2026-06-19 12:50:16
The Used;0;Alternative;
The Veronicas;74214491;Pop;2026-06-19 12:50:21
The Violent Hour;1802068825;Metal;2026-06-19 12:50:25
The Weeknd;479756766;R&B;2026-06-19 12:50:32
Therion;15978957;Symphonic Metal;2026-06-19 12:50:37
Thousand Foot Krutch;5360702;Alternative;2026-06-19 12:50:42
Three Days Grace;1973668;Alternative;2026-06-19 12:50:46
Threshold;99418200;Progressive Metal;2026-06-19 12:50:50
Throne of Chaos;220299990;Melodic Death Metal;2026-06-19 12:50:54
Throwdown;4007460;Groove Metal;2026-06-19 12:50:58
Thy Art Is Murder;288345578;Deathcore;2026-06-19 12:51:02
Tommy Lee;68696;Rap Metal;2026-06-19 12:51:07
Tonight Alive;445594358;Alternative;2026-06-19 12:51:11
Tool;140870416;Progressive Metal;2026-06-19 12:51:15
Tracktor Bowling;382859965;Alternative;2026-06-19 12:51:19
Tremonti;327441648;Alternative;2026-06-19 12:51:23
Trivium;47123955;Metalcore;2026-06-19 12:51:28
Trust Company;5243260;Alternative;2026-06-19 12:51:32
Twisted Sister;149786;Heavy Metal;2026-06-19 12:51:36
Type O Negative;16169568;Doom Metal;2026-06-19 12:51:40
Tyr;140800517;Folk Metal;2026-06-19 12:51:44
Uli Jon Roth;201700208;Hard Rock;2026-06-19 12:51:49
Unleash the Archers;337026140;Power Metal;2026-06-19 12:51:53
Unloco;1054086;Nu Metal;2026-06-19 12:51:57
Unprocessed;1169661709;Progressive Metal;2026-06-19 12:52:01
Upior;1536468328;Symphonic Metal;2026-06-19 12:52:05
Upon a Burning Body;364902987;Deathcore;2026-06-19 12:52:09
Upon Stone;1589097908;Melodic Death Metal;2026-06-19 12:52:13
Vader;3563163;Death Metal;2026-06-19 12:52:18
Vanilla Sky;41839276;Punk Rock;2026-06-19 12:52:23
Varg;321079004;Melodic Death Metal;2026-06-19 12:52:27
Veil of Maya;189950439;Progressive Metal;2026-06-19 12:52:31
Vended;1586205827;Nu Metal;2026-06-19 12:52:35
Venom;3222127;Thrash Metal;2026-06-19 12:52:40
Venom Inc.;1240303583;Heavy Metal;2026-06-19 12:52:43
Vilt;1567803649;Melodic Death Metal;2026-06-19 12:52:48
Vimic;1109065921;Groove Metal;2026-06-19 12:52:52
Vinsta;1258545719;Progressive Metal;2026-06-19 12:52:56
Vital Remains;28448368;Death Metal;2026-06-19 12:53:00
Vitamin String Quartet;218352633;Modern Classical;2026-06-19 12:53:09
Vittra;1558868226;Melodic Death Metal;2026-06-19 12:53:13
Vola;301242373;Progressive Metal;2026-06-19 12:53:17
Volbeat;157709052;Heavy Metal;2026-06-19 12:53:21
Volturian;1498778637;Symphonic Metal;2026-06-19 12:53:25
Voodoo Gods;582856449;Death Metal;2026-06-19 12:53:29
VV;1605371692;Rock;2026-06-19 12:53:33
Wage War;1000847729;Metalcore;2026-06-19 12:53:37
Walkways;567438265;Alternative;2026-06-19 12:53:41
War Curse;1456170269;Thrash Metal;2026-06-19 12:53:45
Warmen;74469873;Power Metal;2026-06-19 12:53:50
We Set Signals;563838898;Alternative;2026-06-19 12:53:54
Weeping Wound;1261130488;Metalcore;2026-06-19 12:53:58
Weezer;0;Alternative;
Wheel;1414993988;Progressive Metal;2026-06-19 12:54:02
While Heaven Wept;428163662;Heavy Metal;2026-06-19 12:54:06
Whitechapel;127084107;Deathcore;2026-06-19 12:54:10
Wig Wam;77315264;Glam Metal;2026-06-19 12:54:15
Will.I.Am;3495273;Hip-Hop;2026-06-19 12:54:20
Withering Surface;205108911;Melodic Death Metal;2026-06-19 12:54:24
Within Temptation;2898551;Symphonic Metal;2026-06-19 12:54:30
Within the Ruins;285238342;Deathcore;2026-06-19 12:54:34
Wolf Hoffmann;855349;Hard Rock;2026-06-19 12:54:38
Wolfgang Gartner;269315952;EDM;2026-06-19 12:54:43
Wolves at the Gate;360832093;Metalcore;2026-06-19 12:54:48
Wovenwar;867130324;Alternative;2026-06-19 12:54:51
Xandria;76752772;Symphonic Metal;2026-06-19 12:54:56
Xion;1647613236;Thrash Metal;2026-06-19 12:55:00
Year of the Cobra;1476455581;Stoner Metal;2026-06-19 12:55:04
Years & Years;910604189;Pop;2026-06-19 12:55:09
Yelawolf;424044507;Hip-Hop;2026-06-19 12:55:14
Zakk Sabbath;1534153761;Heavy Metal;2026-06-19 12:55:18
Zebrahead;483363;Punk Rock;2026-06-19 12:55:23
